epoch,lr,train_loss,train_acc,val_loss,val_acc,elapsed_min
1,0.09999383,2.096284,0.167691,1.821266,0.365800,0.71
2,0.09997533,1.874512,0.244636,1.517477,0.534400,1.35
3,0.09994450,1.698279,0.302172,1.300336,0.635800,1.98
4,0.09990135,1.570656,0.358730,1.221440,0.675800,2.58
5,0.09984588,1.516852,0.375000,1.113686,0.726800,3.18
6,0.09977812,1.451333,0.397102,1.060362,0.750000,3.82
7,0.09969808,1.427553,0.380743,1.022753,0.772200,4.44
8,0.09960577,1.376557,0.393741,1.006610,0.789600,5.07
9,0.09950123,1.353414,0.388911,0.989155,0.789600,5.69
10,0.09938448,1.335662,0.423010,1.069573,0.757400,6.32
11,0.09925554,1.328039,0.409923,1.017284,0.778200,6.95
12,0.09911445,1.314974,0.418269,1.036920,0.770000,7.59
13,0.09896124,1.318845,0.403957,0.990112,0.799600,8.23
14,0.09879596,1.331305,0.436387,0.925846,0.831600,8.84
15,0.09861863,1.310417,0.435430,0.942251,0.834400,9.47
16,0.09842932,1.279565,0.409544,0.899267,0.844800,10.11
17,0.09822805,1.265929,0.427017,0.951793,0.831400,10.74
18,0.09801488,1.281573,0.418447,0.914827,0.825400,11.35
19,0.09778987,1.267178,0.424791,0.879847,0.841600,11.97
20,0.09755307,1.283356,0.427350,0.848015,0.855000,12.61
21,0.09730454,1.266624,0.417090,0.881433,0.838600,13.25
22,0.09704433,1.260873,0.448495,0.892962,0.842000,13.86
23,0.09677252,1.268297,0.415353,0.865782,0.857600,14.50
24,0.09648918,1.287758,0.406161,0.865356,0.845000,15.12
25,0.09619436,1.267239,0.406272,0.861946,0.850000,15.73
26,0.09588814,1.264483,0.400085,0.878012,0.840800,16.37
27,0.09557061,1.261713,0.461583,0.865577,0.848400,17.01
28,0.09524183,1.243024,0.446782,0.863502,0.859400,17.63
29,0.09490189,1.246726,0.467481,0.926124,0.825400,18.27
30,0.09455087,1.234362,0.458267,0.884267,0.837000,18.91
31,0.09418886,1.262165,0.450543,0.930813,0.815200,19.53
32,0.09381595,1.218403,0.423478,0.870162,0.840400,20.15
33,0.09343223,1.235181,0.443799,0.882427,0.845800,20.77
34,0.09303780,1.224814,0.429153,0.839672,0.855400,21.41
35,0.09263275,1.261231,0.404692,0.865713,0.851800,22.05
36,0.09221717,1.234161,0.432247,0.900563,0.829800,22.66
37,0.09179119,1.225691,0.446002,0.921142,0.819800,23.30
38,0.09135489,1.231280,0.413484,0.865772,0.853000,23.93
39,0.09090840,1.210303,0.461071,0.937697,0.824800,24.56
40,0.09045180,1.229980,0.397236,0.825648,0.880000,25.18
41,0.08998523,1.223639,0.473847,0.836874,0.863600,25.81
42,0.08950880,1.227134,0.424590,0.855689,0.864400,26.44
43,0.08902262,1.185264,0.415465,0.842295,0.861800,27.07
44,0.08852681,1.189534,0.451545,0.813735,0.868400,27.70
45,0.08802150,1.237255,0.426393,0.823567,0.861400,28.33
46,0.08750680,1.195948,0.412994,0.841889,0.855000,28.95
47,0.08698286,1.238561,0.438034,0.851945,0.859200,29.58
48,0.08644979,1.221268,0.428664,0.833480,0.864400,30.22
49,0.08590772,1.206471,0.450654,0.847111,0.856400,30.84
50,0.08535680,1.193746,0.448696,0.837479,0.862000,31.43
51,0.08479716,1.234252,0.415242,0.819270,0.864400,32.06
52,0.08422893,1.200177,0.465745,0.824085,0.870000,32.69
53,0.08365226,1.218297,0.446158,0.809881,0.872400,33.32
54,0.08306729,1.182908,0.456709,0.846583,0.850600,33.95
55,0.08247416,1.173344,0.468728,0.848459,0.858600,34.57
56,0.08187301,1.202788,0.453414,0.826036,0.871800,35.21
57,0.08126401,1.198371,0.415220,0.855336,0.854600,35.83
58,0.08064729,1.226105,0.445758,0.816831,0.883600,36.46
59,0.08002301,1.206036,0.474493,0.808690,0.873600,37.10
60,0.07939132,1.191473,0.465856,0.833409,0.876600,37.74
61,0.07875239,1.184829,0.449230,0.900169,0.845400,38.36
62,0.07810636,1.201614,0.431869,0.803853,0.892400,38.99
63,0.07745340,1.183554,0.438034,0.806094,0.879200,39.63
64,0.07679366,1.205495,0.438101,0.822678,0.869000,40.25
65,0.07612732,1.161059,0.457732,0.801900,0.872200,40.88
66,0.07545453,1.141645,0.499355,0.802490,0.878400,41.51
67,0.07477546,1.199252,0.450766,0.809890,0.876600,42.15
68,0.07409027,1.171453,0.429598,0.821692,0.864600,42.77
69,0.07339915,1.184542,0.415064,0.813622,0.873600,43.40
70,0.07270226,1.170687,0.452057,0.843070,0.860200,44.04
71,0.07199976,1.175745,0.425881,0.774595,0.881200,44.66
72,0.07129184,1.183470,0.459424,0.827929,0.880400,45.30
73,0.07057866,1.138590,0.439904,0.801793,0.881400,45.92
74,0.06986041,1.197525,0.424412,0.786149,0.884600,46.56
75,0.06913726,1.171322,0.447360,0.838967,0.864000,47.18
76,0.06840939,1.177432,0.441618,0.791825,0.887600,47.81
77,0.06767697,1.152042,0.452480,0.797171,0.881200,48.43
78,0.06694020,1.133515,0.460938,0.770315,0.886200,49.06
79,0.06619925,1.159963,0.449519,0.779006,0.883400,49.69
80,0.06545430,1.169114,0.458623,0.802951,0.878400,50.32
81,0.06470555,1.158733,0.426149,0.740114,0.901200,50.96
82,0.06395316,1.144667,0.471777,0.804648,0.891400,51.58
83,0.06319733,1.168930,0.456976,0.786232,0.878600,52.21
84,0.06243825,1.164350,0.456530,0.773930,0.887200,52.83
85,0.06167610,1.155284,0.458934,0.783385,0.876800,53.46
86,0.06091107,1.155625,0.433783,0.771972,0.897000,54.08
87,0.06014335,1.138743,0.473068,0.754444,0.900400,54.72
88,0.05937313,1.150043,0.466368,0.782028,0.892600,55.35
89,0.05860060,1.140968,0.485087,0.760366,0.893800,55.99
90,0.05782594,1.143238,0.475895,0.774025,0.888000,56.61
91,0.05704936,1.140580,0.500579,0.759177,0.893400,57.23
92,0.05627104,1.147561,0.456197,0.765983,0.892800,57.86
93,0.05549117,1.155244,0.433360,0.812227,0.892800,58.50
94,0.05470995,1.134055,0.478566,0.788120,0.895800,59.13
95,0.05392756,1.153935,0.449653,0.773769,0.895800,59.77
96,0.05314421,1.137936,0.448807,0.788157,0.887400,60.40
97,0.05236009,1.141085,0.471332,0.759801,0.906200,61.03
98,0.05157538,1.149337,0.441351,0.771417,0.901800,61.67
99,0.05079029,1.152648,0.460515,0.796091,0.890600,62.31
100,0.05000500,1.124190,0.501068,0.754896,0.898400,62.93
101,0.04921971,1.084535,0.426594,0.771317,0.896200,63.55
102,0.04843462,1.150553,0.460470,0.762819,0.906000,64.17
103,0.04764991,1.114798,0.452101,0.771879,0.904000,64.81
104,0.04686579,1.146901,0.482995,0.753600,0.909200,65.43
105,0.04608244,1.129165,0.442063,0.736769,0.912800,66.07
106,0.04530005,1.127706,0.486044,0.750665,0.901400,66.70
107,0.04451883,1.136866,0.500423,0.745147,0.913200,67.33
108,0.04373896,1.130926,0.480858,0.782757,0.896800,67.95
109,0.04296064,1.128404,0.459980,0.781584,0.902400,68.57
110,0.04218406,1.142516,0.460515,0.746063,0.905400,69.21
111,0.04140940,1.095671,0.486601,0.728512,0.910800,69.84
112,0.04063687,1.089969,0.479879,0.719283,0.907800,70.46
113,0.03986665,1.080422,0.474715,0.721054,0.913800,71.10
114,0.03909893,1.087656,0.488849,0.750265,0.903000,71.73
115,0.03833390,1.102084,0.447049,0.748591,0.903000,72.36
116,0.03757175,1.066868,0.489116,0.721807,0.912800,73.00
117,0.03681267,1.064284,0.444756,0.737566,0.906400,73.64
118,0.03605684,1.095195,0.459157,0.781503,0.910200,74.27
119,0.03530445,1.082782,0.447472,0.720901,0.911400,74.90
120,0.03455570,1.075407,0.508836,0.705172,0.915200,75.55
121,0.03381075,1.078613,0.473847,0.730915,0.920400,76.17
122,0.03306980,1.083764,0.443665,0.740402,0.911000,76.78
123,0.03233303,1.080811,0.468283,0.705544,0.921200,77.41
124,0.03160061,1.061749,0.458356,0.723552,0.921800,78.05
125,0.03087274,1.064943,0.468461,0.742345,0.916800,78.70
126,0.03014959,1.101065,0.430556,0.704836,0.924000,79.34
127,0.02943134,1.056658,0.450231,0.715404,0.920600,79.97
128,0.02871816,1.033296,0.458066,0.711063,0.922800,80.59
129,0.02801024,1.036412,0.466213,0.711689,0.920600,81.22
130,0.02730774,1.017931,0.469885,0.720057,0.920200,81.85
131,0.02661085,1.063800,0.523972,0.706755,0.924400,82.49
132,0.02591973,1.076972,0.484776,0.722176,0.924600,83.12
133,0.02523454,1.060410,0.488248,0.693709,0.929200,83.75
134,0.02455547,1.034796,0.468171,0.708553,0.925200,84.35
135,0.02388268,1.048506,0.467081,0.687310,0.928600,84.99
136,0.02321634,1.074166,0.498442,0.701246,0.921200,85.63
137,0.02255660,1.022671,0.491431,0.695227,0.930400,86.26
138,0.02190364,1.042288,0.476140,0.704345,0.925200,86.89
139,0.02125761,1.057049,0.503494,0.726608,0.924800,87.53
140,0.02061868,1.076812,0.475027,0.704617,0.928000,88.16
141,0.01998699,1.039503,0.505030,0.683936,0.930200,88.78
142,0.01936271,1.034182,0.481059,0.691627,0.929800,89.38
143,0.01874599,1.033549,0.478165,0.683423,0.924600,90.00
144,0.01813699,1.043036,0.513266,0.677902,0.939400,90.60
145,0.01753584,1.016537,0.462763,0.688696,0.929000,91.23
146,0.01694271,0.999700,0.494013,0.678688,0.930400,91.88
147,0.01635774,1.046972,0.478788,0.720871,0.934600,92.52
148,0.01578107,0.996420,0.538462,0.668237,0.934600,93.15
149,0.01521284,1.007841,0.474559,0.678721,0.935400,93.77
150,0.01465320,1.036659,0.505854,0.686273,0.939600,94.41
151,0.01410228,1.009208,0.511351,0.674306,0.940800,95.03
152,0.01356021,0.973395,0.478054,0.677615,0.939200,95.67
153,0.01302714,1.006664,0.499132,0.678997,0.942800,96.31
154,0.01250320,0.983191,0.498642,0.664782,0.944200,96.94
155,0.01198850,0.980635,0.491052,0.667649,0.945200,97.58
156,0.01148319,0.970505,0.494035,0.664014,0.945600,98.21
157,0.01098738,0.979483,0.518229,0.664627,0.945200,98.86
158,0.01050120,0.960994,0.503628,0.653850,0.947200,99.50
159,0.01002477,1.006654,0.489071,0.668071,0.948200,100.11
160,0.00955820,0.991757,0.494124,0.714691,0.942400,100.72
161,0.00910160,0.986723,0.527422,0.687146,0.946400,101.35
162,0.00865511,0.990014,0.520232,0.678116,0.944600,101.98
163,0.00821881,0.952456,0.506054,0.630965,0.946800,102.59
164,0.00779283,0.985198,0.505876,0.667864,0.947600,103.22
165,0.00737725,0.951414,0.495660,0.640924,0.949600,103.85
166,0.00697220,0.951112,0.490897,0.641392,0.948000,104.49
167,0.00657777,0.955091,0.497841,0.662190,0.950400,105.11
168,0.00619405,0.942697,0.462317,0.669432,0.946200,105.75
169,0.00582114,0.979034,0.505431,0.631727,0.953800,106.38
170,0.00545913,0.969840,0.509526,0.664801,0.951000,107.02
171,0.00510811,0.946124,0.486378,0.629903,0.952800,107.64
172,0.00476817,0.948542,0.526687,0.641118,0.954200,108.29
173,0.00443939,0.918793,0.518763,0.625799,0.956800,108.91
174,0.00412186,0.938331,0.527199,0.647119,0.954400,109.51
175,0.00381564,0.921625,0.527177,0.637971,0.956600,110.15
176,0.00352082,0.929283,0.486067,0.648701,0.953800,110.79
177,0.00323748,0.936843,0.494257,0.640696,0.956200,111.41
178,0.00296567,0.930892,0.538083,0.641379,0.955200,112.05
179,0.00270546,0.952536,0.524350,0.605853,0.956800,112.68
180,0.00245693,0.921444,0.522302,0.625775,0.957600,113.30
181,0.00222013,0.929808,0.506032,0.638840,0.957200,113.91
182,0.00199512,0.908584,0.494525,0.632786,0.957200,114.55
183,0.00178195,0.932582,0.504029,0.624833,0.961000,115.19
184,0.00158068,0.926476,0.536124,0.649724,0.958200,115.82
185,0.00139137,0.943168,0.492076,0.634277,0.958000,116.45
186,0.00121404,0.894628,0.532808,0.640526,0.957600,117.09
187,0.00104876,0.909786,0.489650,0.635614,0.959800,117.71
188,0.00089555,0.913394,0.538996,0.639287,0.961000,118.31
189,0.00075446,0.918904,0.498264,0.653978,0.958600,118.95
190,0.00062552,0.902341,0.525953,0.618367,0.961600,119.59
191,0.00050877,0.930067,0.503072,0.614398,0.962000,120.19
192,0.00040423,0.912581,0.517027,0.631312,0.961000,120.84
193,0.00031192,0.925870,0.520678,0.634580,0.958800,121.47
194,0.00023188,0.919692,0.482928,0.634368,0.960800,122.10
195,0.00016412,0.882614,0.514334,0.596538,0.959600,122.73
196,0.00010865,0.917909,0.524372,0.598850,0.960600,123.36
197,0.00006550,0.899351,0.493723,0.625144,0.961000,123.99
198,0.00003467,0.913137,0.499466,0.602752,0.961200,124.62
199,0.00001617,0.904023,0.519387,0.626052,0.960200,125.25
200,0.00001000,0.927252,0.524194,0.613644,0.960400,125.87
